county,district,dist_code,prev_1516,latest_1617,one_year_change,aid_change
ATLANTIC,ABSECON CITY,10,"1,518,225","1,541,266","23,041",1.50%
ATLANTIC,ATLANTIC CITY,110,"17,838,111","18,859,785","1,021,674",5.70%
ATLANTIC,ATLANTIC CO VOCATIONAL,120,"3,657,826","3,700,925","43,099",1.20%
ATLANTIC,BRIGANTINE CITY,570,"2,291,507","2,301,796","10,289",0.40%
ATLANTIC,BUENA REGIONAL,590,"19,404,322","19,421,492","17,170",0.10%
ATLANTIC,CORBIN CITY,960,"698,501","700,930","2,429",0.30%
ATLANTIC,EGG HARBOR CITY,1300,"5,201,112","5,242,675","41,563",0.80%
ATLANTIC,EGG HARBOR TWP,1310,"40,025,978","40,384,851","358,873",0.90%
ATLANTIC,ESTELL MANOR CITY,1410,"2,125,160","2,135,970","10,810",0.50%
ATLANTIC,FOLSOM BORO,1540,"5,570,108","5,638,614","68,506",1.20%
ATLANTIC,GALLOWAY TWP,1690,"23,639,348","23,756,598","117,250",0.50%
ATLANTIC,GREATER EGG HARBOR REG,1790,"31,229,240","31,349,652","120,412",0.40%
ATLANTIC,HAMILTON TWP,1940,"22,755,139","22,948,512","193,373",0.80%
ATLANTIC,HAMMONTON TOWN,1960,"15,273,362","15,483,174","209,812",1.40%
ATLANTIC,LINWOOD CITY,2680,"1,571,925","1,579,695","7,770",0.50%
ATLANTIC,LONGPORT,2780,"91,717","92,674",957,1.00%
ATLANTIC,MAINLAND REGIONAL,2910,"7,626,838","7,696,244","69,406",0.90%
ATLANTIC,MARGATE CITY,3020,"546,380","552,570","6,190",1.10%
ATLANTIC,MULLICA TWP,3480,"5,366,179","5,407,924","41,745",0.80%
ATLANTIC,NORTHFIELD CITY,3720,"3,885,179","3,908,678","23,499",0.60%
ATLANTIC,PLEASANTVILLE CITY,4180,"64,837,599","64,881,006","43,407",0.10%
ATLANTIC,PORT REPUBLIC CITY,4240,"1,041,213","1,068,889","27,676",2.70%
ATLANTIC,SOMERS POINT CITY,4800,"5,630,506","5,680,239","49,733",0.90%
ATLANTIC,VENTNOR CITY,5350,"2,088,885","2,104,029","15,144",0.70%
ATLANTIC,WEYMOUTH TWP,5760,"2,371,540","2,373,620","2,080",0.10%
BERGEN,ALLENDALE BORO,40,"335,548","346,196","10,648",3.20%
BERGEN,ALPINE BORO,80,"143,886","146,821","2,935",2.00%
BERGEN,BERGEN COUNTY VOCATIONAL,290,"5,651,234","5,695,547","44,313",0.80%
BERGEN,BERGENFIELD BORO,300,"10,782,297","10,896,337","114,040",1.10%
BERGEN,BOGOTA BORO,440,"5,628,951","5,662,189","33,238",0.60%
BERGEN,CARLSTADT BORO,740,"251,986","258,676","6,690",2.70%
BERGEN,CARLSTADT-EAST RUTHERFORD,745,"360,672","367,314","6,642",1.80%
BERGEN,CLIFFSIDE PARK BORO,890,"3,603,914","3,665,603","61,689",1.70%
BERGEN,CLOSTER BORO,930,"434,763","447,865","13,102",3.00%
BERGEN,CRESSKILL BORO,990,"744,580","768,572","23,992",3.20%
BERGEN,DEMAREST BORO,1070,"324,035","332,477","8,442",2.60%
BERGEN,DUMONT BORO,1130,"8,622,469","8,679,571","57,102",0.70%
BERGEN,EAST RUTHERFORD BORO,1230,"599,389","611,198","11,809",2.00%
BERGEN,EDGEWATER BORO,1270,"944,565","975,360","30,795",3.30%
BERGEN,ELMWOOD PARK,1345,"3,060,505","3,127,693","67,188",2.20%
BERGEN,EMERSON BORO,1360,"494,022","507,974","13,952",2.80%
BERGEN,ENGLEWOOD CITY,1370,"9,497,356","9,649,835","152,479",1.60%
BERGEN,ENGLEWOOD CLIFFS BORO,1380,"293,971","301,245","7,274",2.50%
BERGEN,FAIR LAWN BORO,1450,"3,360,837","3,423,378","62,541",1.90%
BERGEN,FAIRVIEW BORO,1470,"7,393,649","7,478,669","85,020",1.10%
BERGEN,FORT LEE BORO,1550,"2,046,454","2,101,283","54,829",2.70%
BERGEN,FRANKLIN LAKES BORO,1580,"736,334","767,264","30,930",4.20%
BERGEN,GARFIELD CITY,1700,"55,908,626","56,248,834","340,208",0.60%
BERGEN,GLEN ROCK BORO,1760,"1,081,249","1,111,263","30,014",2.80%
BERGEN,HACKENSACK CITY,1860,"12,816,160","12,963,674","147,514",1.20%
BERGEN,HARRINGTON PARK BORO,2050,"288,619","296,531","7,912",2.70%
BERGEN,HASBROUCK HEIGHTS BORO,2080,"1,143,379","1,172,404","29,025",2.50%
BERGEN,HAWORTH BORO,2090,"210,167","215,435","5,268",2.50%
BERGEN,HILLSDALE BORO,2180,"828,139","844,297","16,158",2.00%
BERGEN,HO HO KUS BORO,2200,"465,891","477,287","11,396",2.40%
BERGEN,LEONIA BORO,2620,"3,565,723","3,592,204","26,481",0.70%
BERGEN,LITTLE FERRY BORO,2710,"1,464,821","1,490,787","25,966",1.80%
BERGEN,LODI BOROUGH,2740,"14,369,247","14,508,710","139,463",1.00%
BERGEN,LYNDHURST TWP,2860,"2,013,220","2,053,597","40,377",2.00%
BERGEN,MAHWAH TWP,2900,"2,306,791","2,346,236","39,445",1.70%
BERGEN,MAYWOOD BORO,3060,"1,169,240","1,190,660","21,420",1.80%
BERGEN,MIDLAND PARK BORO,3170,"610,186","635,510","25,324",4.20%
BERGEN,MONTVALE BORO,3330,"501,519","513,778","12,259",2.40%
BERGEN,MOONACHIE BORO,3350,"393,175","404,659","11,484",2.90%
BERGEN,NEW MILFORD BORO,3550,"1,769,045","1,796,368","27,323",1.50%
BERGEN,NORTH ARLINGTON BORO,3600,"1,781,919","1,814,432","32,513",1.80%
BERGEN,NORTHERN HIGHLANDS REG,3700,"583,316","596,272","12,956",2.20%
BERGEN,NORTHERN VALLEY REGIONAL,3710,"1,213,728","1,242,082","28,354",2.30%
BERGEN,NORTHVALE BORO,3730,"227,727","233,870","6,143",2.70%
BERGEN,NORWOOD BORO,3740,"400,235","408,214","7,979",2.00%
BERGEN,OAKLAND BORO,3760,"666,208","684,249","18,041",2.70%
BERGEN,OLD TAPPAN BORO,3850,"371,213","380,101","8,888",2.40%
BERGEN,ORADELL BORO,3870,"344,492","353,732","9,240",2.70%
BERGEN,PALISADES PARK,3910,"1,900,447","1,935,770","35,323",1.90%
BERGEN,PARAMUS BORO,3930,"2,000,986","2,048,461","47,475",2.40%
BERGEN,PARK RIDGE BORO,3940,"577,598","592,588","14,990",2.60%
BERGEN,PASCACK VALLEY REGIONAL,3960,"1,110,542","1,136,545","26,003",2.30%
BERGEN,RAMAPO-INDIAN HILL REG,4300,"1,251,130","1,280,379","29,249",2.30%
BERGEN,RAMSEY BORO,4310,"1,294,016","1,325,991","31,975",2.50%
BERGEN,RIDGEFIELD BORO,4370,"2,565,748","2,599,573","33,825",1.30%
BERGEN,RIDGEFIELD PARK TWP,4380,"4,901,841","4,962,421","60,580",1.20%
BERGEN,RIDGEWOOD VILLAGE,4390,"2,129,206","2,196,000","66,794",3.10%
BERGEN,RIVER DELL REGIONAL,4405,"666,153","685,703","19,550",2.90%
BERGEN,RIVER EDGE BORO,4410,"470,634","486,938","16,304",3.50%
BERGEN,RIVER VALE TWP,4430,"465,215","479,330","14,115",3.00%
BERGEN,ROCHELLE PARK TWP,4470,"452,567","462,515","9,948",2.20%
BERGEN,ROCKLEIGH,4500,"14,971","15,439",468,3.10%
BERGEN,RUTHERFORD BORO,4600,"2,448,920","2,481,246","32,326",1.30%
BERGEN,SADDLE BROOK TWP,4610,"1,107,217","1,132,133","24,916",2.30%
BERGEN,SADDLE RIVER BORO,4620,"210,006","214,881","4,875",2.30%
BERGEN,SOUTH HACKENSACK TWP,4870,"243,554","248,082","4,528",1.90%
BERGEN,TEANECK TWP,5150,"5,266,235","5,356,047","89,812",1.70%
BERGEN,TENAFLY BORO,5160,"1,400,568","1,443,845","43,277",3.10%
BERGEN,UPPER SADDLE RIVER BORO,5330,"532,142","546,679","14,537",2.70%
BERGEN,WALDWICK BORO,5410,"852,641","872,471","19,830",2.30%
BERGEN,WALLINGTON BORO,5430,"3,069,415","3,108,299","38,884",1.30%
BERGEN,WESTWOOD REGIONAL,5755,"1,706,684","1,742,225","35,541",2.10%
BERGEN,WOOD-RIDGE BORO,5830,"778,120","795,314","17,194",2.20%
BERGEN,WOODCLIFF LAKE BORO,5880,"356,147","365,484","9,337",2.60%
BERGEN,WYCKOFF TWP,5920,"880,174","905,141","24,967",2.80%
BURLINGTON,BASS RIVER TWP,200,"885,669","886,699","1,030",0.10%
BURLINGTON,BEVERLY CITY,380,"3,718,301","3,722,302","4,001",0.10%
BURLINGTON,BORDENTOWN REGIONAL,475,"7,943,829","8,028,133","84,304",1.10%
BURLINGTON,BURLINGTON CITY,600,"16,797,657","16,811,067","13,410",0.10%
BURLINGTON,BURLINGTON CO VOCATIONAL,610,"14,506,026","14,598,661","92,635",0.60%
BURLINGTON,BURLINGTON TWP,620,"18,500,891","18,672,983","172,092",0.90%
BURLINGTON,CHESTERFIELD TWP,830,"403,538","419,983","16,445",4.10%
BURLINGTON,CINNAMINSON TWP,840,"8,995,720","9,052,948","57,228",0.60%
BURLINGTON,DELANCO TWP,1030,"2,485,655","2,492,244","6,589",0.30%
BURLINGTON,DELRAN TWP,1060,"11,535,570","11,649,439","113,869",1.00%
BURLINGTON,EASTAMPTON TWP,1250,"4,641,777","4,647,677","5,900",0.10%
BURLINGTON,EDGEWATER PARK TWP,1280,"6,619,235","6,676,517","57,282",0.90%
BURLINGTON,EVESHAM TWP,1420,"13,477,181","13,519,426","42,245",0.30%
BURLINGTON,FLORENCE TWP,1520,"9,577,365","9,663,635","86,270",0.90%
BURLINGTON,HAINESPORT TWP,1910,"1,391,141","1,397,036","5,895",0.40%
BURLINGTON,LENAPE REGIONAL,2610,"28,618,926","28,686,546","67,620",0.20%
BURLINGTON,LUMBERTON TWP,2850,"8,195,007","8,208,497","13,490",0.20%
BURLINGTON,MANSFIELD TWP,2960,"606,769","615,471","8,702",1.40%
BURLINGTON,MAPLE SHADE TWP,3010,"8,565,484","8,650,279","84,795",1.00%
BURLINGTON,MEDFORD LAKES BORO,3070,"1,131,125","1,144,817","13,692",1.20%
BURLINGTON,MEDFORD TWP,3080,"4,742,718","4,769,108","26,390",0.60%
BURLINGTON,MOORESTOWN TWP,3360,"3,112,139","3,193,484","81,345",2.60%
BURLINGTON,MOUNT HOLLY TWP,3430,"10,005,259","10,031,294","26,035",0.30%
BURLINGTON,MOUNT LAUREL TWP,3440,"4,342,882","4,433,463","90,581",2.10%
BURLINGTON,NEW HANOVER TWP,3540,"2,401,887","2,410,204","8,317",0.30%
BURLINGTON,NORTH HANOVER TWP,3650,"11,440,688","11,531,559","90,871",0.80%
BURLINGTON,NORTHERN BURLINGTON REG,3690,"12,314,191","12,420,510","106,319",0.90%
BURLINGTON,PALMYRA BORO,3920,"4,712,213","4,755,011","42,798",0.90%
BURLINGTON,PEMBERTON TWP,4050,"83,481,225","83,609,595","128,370",0.20%
BURLINGTON,RANCOCAS VALLEY REGIONAL,4320,"16,008,477","16,068,551","60,074",0.40%
BURLINGTON,RIVERSIDE TWP,4450,"10,849,800","10,939,934","90,134",0.80%
BURLINGTON,RIVERTON,4460,"542,223","547,970","5,747",1.10%
BURLINGTON,SHAMONG TWP,4740,"4,244,351","4,251,771","7,420",0.20%
BURLINGTON,SOUTHAMPTON TWP,4930,"2,128,246","2,135,196","6,950",0.30%
BURLINGTON,SPRINGFIELD TWP,5010,"1,213,549","1,215,549","2,000",0.20%
BURLINGTON,TABERNACLE TWP,5130,"5,466,194","5,473,344","7,150",0.10%
BURLINGTON,WASHINGTON TWP,5490,"672,074","673,798","1,724",0.30%
BURLINGTON,WESTAMPTON,5720,"3,699,887","3,736,794","36,907",1.00%
BURLINGTON,WILLINGBORO TWP,5805,"38,413,730","38,450,560","36,830",0.10%
BURLINGTON,WOODLAND TWP,5890,"907,323","911,938","4,615",0.50%
CAMDEN,AUDUBON BORO,150,"8,246,759","8,303,642","56,883",0.70%
CAMDEN,BARRINGTON BORO,190,"3,253,998","3,274,345","20,347",0.60%
CAMDEN,BELLMAWR BORO,260,"5,130,610","5,180,807","50,197",1.00%
CAMDEN,BERLIN BORO,330,"3,664,608","3,701,976","37,368",1.00%
CAMDEN,BERLIN TWP,340,"5,591,872","5,658,612","66,740",1.20%
CAMDEN,BLACK HORSE PIKE REGIONAL,390,"33,380,107","33,536,468","156,361",0.50%
CAMDEN,BROOKLAWN BORO,580,"4,371,742","4,482,694","110,952",2.50%
CAMDEN,CAMDEN CITY,680,"279,847,597","280,072,565","224,968",0.10%
CAMDEN,CAMDEN COUNTY VOCATIONAL,700,"22,332,661","22,501,202","168,541",0.80%
CAMDEN,CHERRY HILL TWP,800,"12,949,463","13,110,005","160,542",1.20%
CAMDEN,CHESILHURST,810,"2,496,590","2,498,030","1,440",0.10%
CAMDEN,CLEMENTON BORO,880,"6,362,243","6,367,633","5,390",0.10%
CAMDEN,COLLINGSWOOD BORO,940,"10,400,195","10,470,822","70,627",0.70%
CAMDEN,EASTERN CAMDEN COUNTY REG,1255,"9,266,273","9,292,586","26,313",0.30%
CAMDEN,GIBBSBORO BORO,1720,"1,410,707","1,415,946","5,239",0.40%
CAMDEN,GLOUCESTER CITY,1770,"30,074,492","30,108,192","33,700",0.10%
CAMDEN,GLOUCESTER TWP,1780,"50,849,479","50,911,529","62,050",0.10%
CAMDEN,HADDON HEIGHTS BORO,1880,"1,693,227","1,714,858","21,631",1.30%
CAMDEN,HADDON TWP,1890,"8,392,963","8,443,633","50,670",0.60%
CAMDEN,HADDONFIELD,1900,"928,036","961,986","33,950",3.70%
CAMDEN,HI NELLA,2130,"856,878","866,421","9,543",1.10%
CAMDEN,LAUREL SPRINGS BORO,2540,"1,901,258","1,916,973","15,715",0.80%
CAMDEN,LAWNSIDE BORO,2560,"3,721,485","3,752,484","30,999",0.80%
CAMDEN,LINDENWOLD BORO,2670,"24,546,306","24,764,150","217,844",0.90%
CAMDEN,MAGNOLIA BORO,2890,"3,058,381","3,073,391","15,010",0.50%
CAMDEN,MERCHANTVILLE BORO,3110,"2,319,673","2,342,831","23,158",1.00%
CAMDEN,MOUNT EPHRAIM BORO,3420,"3,916,565","3,949,876","33,311",0.90%
CAMDEN,OAKLYN BORO,3770,"2,602,944","2,627,039","24,095",0.90%
CAMDEN,PENNSAUKEN TWP,4060,"48,134,029","48,526,369","392,340",0.80%
CAMDEN,PINE HILL BORO,4110,"16,292,748","16,452,958","160,210",1.00%
CAMDEN,RUNNEMEDE BORO,4590,"4,834,125","4,876,849","42,724",0.90%
CAMDEN,SOMERDALE BORO,4790,"3,038,546","3,094,057","55,511",1.80%
CAMDEN,STERLING HIGH SCHOOL DIST,5035,"6,831,315","6,889,435","58,120",0.90%
CAMDEN,STRATFORD BORO,5080,"4,420,100","4,458,367","38,267",0.90%
CAMDEN,VOORHEES TWP,5400,"5,535,319","5,562,934","27,615",0.50%
CAMDEN,WATERFORD TWP,5560,"12,574,896","12,634,862","59,966",0.50%
CAMDEN,WINSLOW TWP,5820,"44,125,936","44,171,666","45,730",0.10%
CAMDEN,WOODLYNNE BORO,5900,"6,938,821","6,995,917","57,096",0.80%
CAPE MAY,AVALON BORO,170,"73,209","73,609",400,0.50%
CAPE MAY,CAPE MAY CITY,710,"553,673","555,373","1,700",0.30%
CAPE MAY,CAPE MAY CO VOCATIONAL,720,"1,382,814","1,396,049","13,235",1.00%
CAPE MAY,CAPE MAY POINT,730,"26,803","27,009",206,0.80%
CAPE MAY,DENNIS TWP,1080,"6,161,005","6,167,055","6,050",0.10%
CAPE MAY,LOWER CAPE MAY REGIONAL,2820,"9,763,644","9,982,676","219,032",2.20%
CAPE MAY,LOWER TWP,2840,"10,161,297","10,177,147","15,850",0.20%
CAPE MAY,MIDDLE TWP,3130,"13,485,581","13,590,070","104,489",0.80%
CAPE MAY,NORTH WILDWOOD CITY,3680,"666,740","672,524","5,784",0.90%
CAPE MAY,OCEAN CITY,3780,"3,766,449","3,787,076","20,627",0.50%
CAPE MAY,SEA ISLE CITY,4700,"254,766","255,774","1,008",0.40%
CAPE MAY,STONE HARBOR BORO,5060,"53,463","53,971",508,1.00%
CAPE MAY,UPPER TWP,5340,"10,113,224","10,189,044","75,820",0.70%
CAPE MAY,WEST CAPE MAY BORO,5610,"508,018","630,246","122,228",24.10%
CAPE MAY,WEST WILDWOOD,5700,"39,176","40,334","1,158",3.00%
CAPE MAY,WILDWOOD CITY,5790,"5,185,220","5,211,073","25,853",0.50%
CAPE MAY,WILDWOOD CREST BORO,5800,"656,345","701,649","45,304",6.90%
CAPE MAY,WOODBINE BORO,5840,"2,969,115","2,972,035","2,920",0.10%
CUMBERLAND,BRIDGETON CITY,540,"79,952,446","80,607,366","654,920",0.80%
CUMBERLAND,COMMERCIAL TWP,950,"10,238,670","10,262,823","24,153",0.20%
CUMBERLAND,CUMBERLAND CO VOCATIONAL,995,"3,925,903","3,928,676","2,773",0.10%
CUMBERLAND,CUMBERLAND REGIONAL,997,"12,145,935","12,244,449","98,514",0.80%
CUMBERLAND,DEERFIELD TWP,1020,"2,492,401","2,504,460","12,059",0.50%
CUMBERLAND,DOWNE TWP,1120,"1,855,926","1,857,766","1,840",0.10%
CUMBERLAND,FAIRFIELD TWP,1460,"6,003,352","6,060,073","56,721",0.90%
CUMBERLAND,GREENWICH TWP,1820,"428,348","428,908",560,0.10%
CUMBERLAND,HOPEWELL TWP,2270,"3,414,818","3,429,475","14,657",0.40%
CUMBERLAND,LAWRENCE TWP,2570,"6,056,628","6,104,962","48,334",0.80%
CUMBERLAND,MAURICE RIVER TWP,3050,"4,719,314","4,749,732","30,418",0.60%
CUMBERLAND,MILLVILLE CITY,3230,"67,959,813","68,009,023","49,210",0.10%
CUMBERLAND,STOW CREEK TWP,5070,"832,248","834,923","2,675",0.30%
CUMBERLAND,UPPER DEERFIELD TWP,5300,"6,282,322","6,335,736","53,414",0.90%
CUMBERLAND,VINELAND CITY,5390,"136,686,610","136,799,340","112,730",0.10%
ESSEX,BELLEVILLE TOWN,250,"25,724,925","25,971,780","246,855",1.00%
ESSEX,BLOOMFIELD TWP,410,"20,825,814","21,057,962","232,148",1.10%
ESSEX,CALDWELL-WEST CALDWELL,660,"1,013,340","1,044,523","31,183",3.10%
ESSEX,CEDAR GROVE TWP,760,"757,307","777,638","20,331",2.70%
ESSEX,EAST ORANGE,1210,"178,156,410","178,297,649","141,239",0.10%
ESSEX,ESSEX CO VOC-TECH,1390,"20,629,708","20,799,941","170,233",0.80%
ESSEX,ESSEX FELLS BORO,1400,"98,276","100,590","2,314",2.40%
ESSEX,FAIRFIELD TWP,1465,"309,341","316,882","7,541",2.40%
ESSEX,GLEN RIDGE BORO,1750,"758,391","780,892","22,501",3.00%
ESSEX,IRVINGTON TOWNSHIP,2330,"112,373,117","113,296,380","923,263",0.80%
ESSEX,LIVINGSTON TWP,2730,"2,536,196","2,609,301","73,105",2.90%
ESSEX,MILLBURN TWP,3190,"1,981,782","2,041,217","59,435",3.00%
ESSEX,MONTCLAIR TOWN,3310,"6,722,691","6,863,068","140,377",2.10%
ESSEX,NEWARK CITY,3570,"715,271,519","742,025,051","26,753,532",3.70%
ESSEX,NORTH CALDWELL BORO,3630,"233,468","241,172","7,704",3.30%
ESSEX,NUTLEY TOWN,3750,"7,002,612","7,095,097","92,485",1.30%
ESSEX,CITY OF ORANGE TWP,3880,"73,454,820","74,020,695","565,875",0.80%
ESSEX,ROSELAND BORO,4530,"276,702","282,034","5,332",1.90%
ESSEX,SOUTH ORANGE-MAPLEWOOD,4900,"4,216,218","4,307,567","91,349",2.20%
ESSEX,VERONA BORO,5370,"887,647","916,688","29,041",3.30%
ESSEX,WEST ESSEX REGIONAL,5630,"1,029,742","1,051,982","22,240",2.20%
ESSEX,WEST ORANGE TOWN,5680,"6,950,527","7,047,683","97,156",1.40%
GLOUCESTER,CLAYTON BORO,860,"9,844,658","9,975,618","130,960",1.30%
GLOUCESTER,CLEARVIEW REGIONAL,870,"14,902,735","15,000,094","97,359",0.70%
GLOUCESTER,DEPTFORD TWP,1100,"23,442,806","23,651,378","208,572",0.90%
GLOUCESTER,EAST GREENWICH TWP,1180,"3,414,738","3,475,969","61,231",1.80%
GLOUCESTER,ELK TWP,1330,"2,554,913","2,572,361","17,448",0.70%
GLOUCESTER,FRANKLIN TWP,1590,"8,728,582","8,803,530","74,948",0.90%
GLOUCESTER,GATEWAY REGIONAL,1715,"7,471,284","7,507,065","35,781",0.50%
GLOUCESTER,GLASSBORO,1730,"16,453,397","16,554,309","100,912",0.60%
GLOUCESTER,GLOUCESTER CO VOCATIONAL,1775,"7,664,653","7,732,725","68,072",0.90%
GLOUCESTER,GREENWICH TWP,1830,"1,122,508","1,132,945","10,437",0.90%
GLOUCESTER,HARRISON TWP,2070,"6,128,763","6,171,027","42,264",0.70%
GLOUCESTER,KINGSWAY REGIONAL,2440,"8,742,379","8,866,900","124,521",1.40%
GLOUCESTER,LOGAN TWP,2750,"5,395,095","5,405,785","10,690",0.20%
GLOUCESTER,MANTUA TWP,2990,"6,160,906","6,171,701","10,795",0.20%
GLOUCESTER,MONROE TWP,3280,"34,528,463","34,838,962","310,499",0.90%
GLOUCESTER,NATIONAL PARK BORO,3490,"2,077,854","2,087,717","9,863",0.50%
GLOUCESTER,NEWFIELD BORO,3580,"1,425,282","1,437,594","12,312",0.90%
GLOUCESTER,PAULSBORO BORO,4020,"12,135,584","12,240,579","104,995",0.90%
GLOUCESTER,PITMAN BORO,4140,"9,827,865","9,850,252","22,387",0.20%
GLOUCESTER,SOUTH HARRISON TWP,4880,"1,585,407","1,634,459","49,052",3.10%
GLOUCESTER,DELSEA REGIONAL H.S DIST.,4940,"13,957,749","14,007,064","49,315",0.40%
GLOUCESTER,SWEDESBORO-WOOLWICH,5120,"6,886,950","6,987,560","100,610",1.50%
GLOUCESTER,WASHINGTON TWP,5500,"50,044,915","50,115,305","70,390",0.10%
GLOUCESTER,WENONAH BORO,5590,"498,684","500,494","1,810",0.40%
GLOUCESTER,WEST DEPTFORD TWP,5620,"12,031,649","12,146,669","115,020",1.00%
GLOUCESTER,WESTVILLE BORO,5740,"2,472,098","2,492,911","20,813",0.80%
GLOUCESTER,WOODBURY CITY,5860,"12,005,409","12,103,526","98,117",0.80%
GLOUCESTER,WOODBURY HEIGHTS BORO,5870,"996,609","1,002,506","5,897",0.60%
HUDSON,BAYONNE CITY,220,"53,524,660","54,016,434","491,774",0.90%
HUDSON,EAST NEWARK BORO,1200,"3,395,757","3,426,439","30,682",0.90%
HUDSON,GUTTENBERG TOWN,1850,"5,033,239","5,096,583","63,344",1.30%
HUDSON,HARRISON TOWN,2060,"25,383,780","25,418,188","34,408",0.10%
HUDSON,HOBOKEN CITY,2210,"10,656,560","10,682,520","25,960",0.20%
HUDSON,HUDSON COUNTY VOCATIONAL,2295,"21,109,363","21,204,179","94,816",0.40%
HUDSON,JERSEY CITY,2390,"418,471,290","418,779,890","308,600",0.10%
HUDSON,KEARNY TOWN,2410,"30,634,645","30,928,987","294,342",1.00%
HUDSON,NORTH BERGEN TWP,3610,"56,603,083","57,095,133","492,050",0.90%
HUDSON,SECAUCUS TOWN,4730,"970,026","999,542","29,516",3.00%
HUDSON,UNION CITY,5240,"177,818,679","179,005,701","1,187,022",0.70%
HUDSON,WEEHAWKEN TWP,5580,"2,693,051","2,722,708","29,657",1.10%
HUDSON,WEST NEW YORK TOWN,5670,"93,312,984","94,065,988","753,004",0.80%
HUNTERDON,ALEXANDRIA TWP,20,"1,607,869","1,663,317","55,448",3.40%
HUNTERDON,BETHLEHEM TWP,370,"1,542,185","1,545,815","3,630",0.20%
HUNTERDON,BLOOMSBURY BORO,430,"1,292,655","1,348,857","56,202",4.30%
HUNTERDON,CALIFON BORO,670,"296,906","320,754","23,848",8.00%
HUNTERDON,CLINTON TOWN,910,"1,224,282","1,242,707","18,425",1.50%
HUNTERDON,CLINTON TWP,920,"2,288,009","2,322,415","34,406",1.50%
HUNTERDON,DELAWARE TWP,1040,"1,170,306","1,174,046","3,740",0.30%
HUNTERDON,DELAWARE VALLEY REGIONAL,1050,"3,997,620","4,005,830","8,210",0.20%
HUNTERDON,EAST AMWELL TWP,1160,"873,046","876,206","3,160",0.40%
HUNTERDON,SOUTH-HUNTERDON,1376,"2,182,624","2,196,968","14,344",0.70%
HUNTERDON,FLEMINGTON-RARITAN REG,1510,"6,126,350","6,159,367","33,017",0.50%
HUNTERDON,FRANKLIN TWP,1600,"329,410","333,405","3,995",1.20%
HUNTERDON,FRENCHTOWN BORO,1680,"735,352","746,265","10,913",1.50%
HUNTERDON,HAMPTON BORO,1970,"896,297","945,149","48,852",5.50%
HUNTERDON,HIGH BRIDGE BORO,2140,"1,465,445","1,485,424","19,979",1.40%
HUNTERDON,HOLLAND TWP,2220,"1,793,054","1,798,214","5,160",0.30%
HUNTERDON,HUNTERDON CENTRAL REG,2300,"5,662,438","5,705,974","43,536",0.80%
HUNTERDON,HUNTERDON CO VOCATIONAL,2308,"930,643","933,283","2,640",0.30%
HUNTERDON,KINGWOOD TWP,2450,"1,305,357","1,308,517","3,160",0.20%
HUNTERDON,LEBANON BORO,2590,"187,103","191,092","3,989",2.10%
HUNTERDON,LEBANON TWP,2600,"2,350,544","2,356,764","6,220",0.30%
HUNTERDON,MILFORD BORO,3180,"333,790","334,550",760,0.20%
HUNTERDON,N HUNT/VOORHEES REGIONAL,3660,"5,527,213","5,554,323","27,110",0.50%
HUNTERDON,READINGTON TWP,4350,"1,402,420","1,424,790","22,370",1.60%
HUNTERDON,TEWKSBURY TWP,5180,"849,868","857,885","8,017",0.90%
HUNTERDON,UNION TWP,5270,"568,554","576,554","8,000",1.40%
MERCER,EAST WINDSOR REGIONAL,1245,"18,498,845","18,681,802","182,957",1.00%
MERCER,EWING TWP,1430,"9,596,654","9,668,087","71,433",0.70%
MERCER,HAMILTON TWP,1950,"73,604,266","73,888,102","283,836",0.40%
MERCER,HOPEWELL VALLEY REGIONAL,2280,"2,736,935","2,838,448","101,513",3.70%
MERCER,LAWRENCE TWP,2580,"3,464,314","3,518,358","54,044",1.60%
MERCER,MERCER COUNTY VOCATIONAL,3105,"2,410,398","2,432,638","22,240",0.90%
MERCER,PRINCETON,4255,"3,429,578","3,498,845","69,267",2.00%
MERCER,TRENTON CITY,5210,"228,081,033","228,933,774","852,741",0.40%
MERCER,ROBBINSVILLE TWP,5510,"2,437,059","2,491,756","54,697",2.20%
MERCER,W WINDSOR-PLAINSBORO REG,5715,"7,466,524","7,593,152","126,628",1.70%
MIDDLESEX,CARTERET BORO,750,"26,844,138","27,088,743","244,605",0.90%
MIDDLESEX,CRANBURY TWP,970,"466,503","476,041","9,538",2.00%
MIDDLESEX,DUNELLEN BORO,1140,"5,438,712","5,494,391","55,679",1.00%
MIDDLESEX,EAST BRUNSWICK TWP,1170,"17,844,870","17,995,272","150,402",0.80%
MIDDLESEX,EDISON TWP,1290,"13,781,485","14,035,490","254,005",1.80%
MIDDLESEX,HIGHLAND PARK BORO,2150,"3,628,151","3,676,784","48,633",1.30%
MIDDLESEX,JAMESBURG BORO,2370,"5,028,099","5,078,778","50,679",1.00%
MIDDLESEX,METUCHEN BORO,3120,"1,051,417","1,079,208","27,791",2.60%
MIDDLESEX,MIDDLESEX BORO,3140,"8,831,408","8,915,077","83,669",0.90%
MIDDLESEX,MIDDLESEX CO VOCATIONAL,3150,"13,187,412","13,302,416","115,004",0.90%
MIDDLESEX,MILLTOWN BORO,3220,"1,129,475","1,145,246","15,771",1.40%
MIDDLESEX,MONROE TWP,3290,"2,755,488","2,832,178","76,690",2.80%
MIDDLESEX,NEW BRUNSWICK CITY,3530,"122,777,268","123,906,734","1,129,466",0.90%
MIDDLESEX,NORTH BRUNSWICK TWP,3620,"11,702,484","11,862,491","160,007",1.40%
MIDDLESEX,OLD BRIDGE TWP,3845,"44,635,937","44,779,742","143,805",0.30%
MIDDLESEX,PERTH AMBOY CITY,4090,"159,990,923","160,402,588","411,665",0.30%
MIDDLESEX,PISCATAWAY TWP,4130,"15,709,704","15,911,190","201,486",1.30%
MIDDLESEX,SAYREVILLE BORO,4660,"21,099,588","21,330,942","231,354",1.10%
MIDDLESEX,SOUTH AMBOY CITY,4830,"6,595,806","6,627,860","32,054",0.50%
MIDDLESEX,SOUTH BRUNSWICK TWP,4860,"23,395,241","23,651,279","256,038",1.10%
MIDDLESEX,SOUTH PLAINFIELD BORO,4910,"9,132,098","9,200,178","68,080",0.70%
MIDDLESEX,SOUTH RIVER BORO,4920,"12,905,120","13,036,888","131,768",1.00%
MIDDLESEX,SPOTSWOOD,4970,"6,071,713","6,130,274","58,561",1.00%
MIDDLESEX,WOODBRIDGE TWP,5850,"23,621,418","23,934,460","313,042",1.30%
MONMOUTH,ALLENHURST,50,"47,745","47,922",177,0.40%
MONMOUTH,ASBURY PARK CITY,100,"55,407,010","55,429,860","22,850",0.00%
MONMOUTH,ATLANTIC HIGHLANDS BORO,130,"154,342","158,039","3,697",2.40%
MONMOUTH,AVON BORO,180,"175,564","179,323","3,759",2.10%
MONMOUTH,BELMAR BORO,270,"980,970","995,504","14,534",1.50%
MONMOUTH,BRADLEY BEACH BORO,500,"1,062,509","1,071,447","8,938",0.80%
MONMOUTH,BRIELLE BORO,560,"430,068","440,399","10,331",2.40%
MONMOUTH,COLTS NECK TWP,945,"997,628","1,010,861","13,233",1.30%
MONMOUTH,DEAL BORO,1000,"2,083,568","2,102,539","18,971",0.90%
MONMOUTH,EATONTOWN BORO,1260,"3,824,839","3,851,572","26,733",0.70%
MONMOUTH,FAIR HAVEN BORO,1440,"423,524","435,156","11,632",2.70%
MONMOUTH,FARMINGDALE BORO,1490,"780,516","784,929","4,413",0.60%
MONMOUTH,FREEHOLD BORO,1640,"9,643,250","9,744,020","100,770",1.00%
MONMOUTH,FREEHOLD REGIONAL,1650,"51,453,953","51,564,083","110,130",0.20%
MONMOUTH,FREEHOLD TWP,1660,"4,201,528","4,258,004","56,476",1.30%
MONMOUTH,HAZLET TWP,2105,"12,666,951","12,727,947","60,996",0.50%
MONMOUTH,HENRY HUDSON REGIONAL,2120,"797,840","800,630","2,790",0.30%
MONMOUTH,HIGHLANDS BORO,2160,"638,065","642,233","4,168",0.70%
MONMOUTH,HOLMDEL TWP,2230,"1,835,746","1,872,729","36,983",2.00%
MONMOUTH,HOWELL TWP,2290,"33,100,120","33,158,120","58,000",0.20%
MONMOUTH,INTERLAKEN,2320,"61,636","62,459",823,1.30%
MONMOUTH,KEANSBURG BORO,2400,"27,334,659","27,347,969","13,310",0.00%
MONMOUTH,KEYPORT BORO,2430,"5,445,573","5,493,230","47,657",0.90%
MONMOUTH,LITTLE SILVER BORO,2720,"311,564","321,655","10,091",3.20%
MONMOUTH,LONG BRANCH CITY,2770,"42,188,021","42,540,363","352,342",0.80%
MONMOUTH,MANALAPAN-ENGLISHTOWN REG,2920,"19,787,590","19,837,100","49,510",0.30%
MONMOUTH,MANASQUAN BORO,2930,"586,048","610,874","24,826",4.20%
MONMOUTH,MARLBORO TWP,3030,"11,603,887","11,651,542","47,655",0.40%
MONMOUTH,MATAWAN-ABERDEEN REGIONAL,3040,"12,180,468","12,272,450","91,982",0.80%
MONMOUTH,MIDDLETOWN TWP,3160,"17,704,632","17,838,595","133,963",0.80%
MONMOUTH,MILLSTONE TWP,3200,"4,783,049","4,799,939","16,890",0.40%
MONMOUTH,MONMOUTH BEACH BORO,3250,"152,604","156,083","3,479",2.30%
MONMOUTH,MONMOUTH CO VOCATIONAL,3260,"8,098,445","8,120,555","22,110",0.30%
MONMOUTH,MONMOUTH REGIONAL,3270,"3,356,326","3,366,316","9,990",0.30%
MONMOUTH,NEPTUNE CITY,3500,"2,039,028","2,061,529","22,501",1.10%
MONMOUTH,NEPTUNE TWP,3510,"32,710,089","32,746,719","36,630",0.10%
MONMOUTH,OCEAN TWP,3810,"7,692,974","7,770,200","77,226",1.00%
MONMOUTH,OCEANPORT BORO,3830,"439,595","446,744","7,149",1.60%
MONMOUTH,RED BANK BORO,4360,"2,996,370","3,057,374","61,004",2.00%
MONMOUTH,RED BANK REGIONAL,4365,"1,013,506","1,028,707","15,201",1.50%
MONMOUTH,ROOSEVELT BORO,4520,"980,268","991,413","11,145",1.10%
MONMOUTH,RUMSON BORO,4570,"380,733","392,112","11,379",3.00%
MONMOUTH,RUMSON-FAIR HAVEN REG,4580,"437,846","449,963","12,117",2.80%
MONMOUTH,SEA GIRT BORO,4690,"104,828","109,475","4,647",4.40%
MONMOUTH,SHORE REGIONAL,4760,"439,299","447,363","8,064",1.80%
MONMOUTH,SHREWSBURY BORO,4770,"235,397","241,643","6,246",2.70%
MONMOUTH,LAKE COMO,4840,"589,796","591,456","1,660",0.30%
MONMOUTH,SPRING LAKE BORO,4980,"190,254","197,310","7,056",3.70%
MONMOUTH,SPRING LAKE HEIGHTS BORO,4990,"321,679","327,549","5,870",1.80%
MONMOUTH,TINTON FALLS,5185,"3,557,843","3,591,053","33,210",0.90%
MONMOUTH,UNION BEACH,5230,"8,348,950","8,356,840","7,890",0.10%
MONMOUTH,UPPER FREEHOLD REGIONAL,5310,"5,622,298","5,655,615","33,317",0.60%
MONMOUTH,WALL TWP,5420,"3,565,926","3,616,513","50,587",1.40%
MONMOUTH,WEST LONG BRANCH BORO,5640,"276,595","283,442","6,847",2.50%
MORRIS,BOONTON TOWN,450,"1,158,823","1,190,814","31,991",2.80%
MORRIS,BOONTON TWP,460,"464,923","474,134","9,211",2.00%
MORRIS,BUTLER BORO,630,"1,979,395","1,998,142","18,747",0.90%
MORRIS,SCH DIST OF THE CHATHAMS,785,"1,953,141","2,003,490","50,349",2.60%
MORRIS,CHESTER TWP,820,"1,040,352","1,055,902","15,550",1.50%
MORRIS,DENVILLE TWP,1090,"1,195,062","1,216,212","21,150",1.80%
MORRIS,DOVER TOWN,1110,"24,486,599","24,712,336","225,737",0.90%
MORRIS,EAST HANOVER TWP,1190,"666,502","678,324","11,822",1.80%
MORRIS,FLORHAM PARK BORO,1530,"485,924","497,767","11,843",2.40%
MORRIS,HANOVER PARK REGIONAL,1990,"818,668","838,828","20,160",2.50%
MORRIS,HANOVER TWP,2000,"864,426","883,123","18,697",2.20%
MORRIS,HARDING TOWNSHIP,2010,"233,677","238,834","5,157",2.20%
MORRIS,JEFFERSON TWP,2380,"15,821,385","15,852,125","30,740",0.20%
MORRIS,KINNELON BORO,2460,"1,479,898","1,505,820","25,922",1.80%
MORRIS,LINCOLN PARK BORO,2650,"1,606,710","1,629,057","22,347",1.40%
MORRIS,MADISON BORO,2870,"987,744","1,017,107","29,363",3.00%
MORRIS,MENDHAM BORO,3090,"249,335","256,377","7,042",2.80%
MORRIS,MENDHAM TWP,3100,"430,042","438,495","8,453",2.00%
MORRIS,MINE HILL TWP,3240,"2,765,435","2,831,918","66,483",2.40%
MORRIS,MONTVILLE TWP,3340,"1,834,143","1,880,323","46,180",2.50%
MORRIS,MORRIS COUNTY VOCATIONAL,3365,"1,212,619","1,233,065","20,446",1.70%
MORRIS,MORRIS HILLS REGIONAL,3370,"7,622,139","7,673,207","51,068",0.70%
MORRIS,MORRIS PLAINS BORO,3380,"766,220","793,621","27,401",3.60%
MORRIS,MORRIS SCHOOL DISTRICT,3385,"6,461,576","6,800,550","338,974",5.20%
MORRIS,MOUNT ARLINGTON BORO,3410,"537,002","546,482","9,480",1.80%
MORRIS,MOUNT OLIVE TWP,3450,"15,182,004","15,282,286","100,282",0.70%
MORRIS,MOUNTAIN LAKES BORO,3460,"772,752","787,376","14,624",1.90%
MORRIS,NETCONG BORO,3520,"1,195,759","1,206,644","10,885",0.90%
MORRIS,PARSIPPANY-TROY HILLS TWP,3950,"4,619,082","4,709,595","90,513",2.00%
MORRIS,LONG HILL TWP,4000,"640,459","652,798","12,339",1.90%
MORRIS,PEQUANNOCK TWP,4080,"2,212,264","2,247,383","35,119",1.60%
MORRIS,RANDOLPH TWP,4330,"12,770,108","12,819,909","49,801",0.40%
MORRIS,RIVERDALE BORO,4440,"248,463","254,323","5,860",2.40%
MORRIS,ROCKAWAY BORO,4480,"508,135","518,295","10,160",2.00%
MORRIS,ROCKAWAY TWP,4490,"2,709,004","2,757,360","48,356",1.80%
MORRIS,ROXBURY TWP,4560,"13,760,460","13,851,560","91,100",0.70%
MORRIS,WASHINGTON TWP,5520,"8,042,922","8,064,202","21,280",0.30%
MORRIS,WEST MORRIS REGIONAL,5660,"4,425,501","4,461,500","35,999",0.80%
MORRIS,WHARTON BORO,5770,"4,019,941","4,095,834","75,893",1.90%
OCEAN,BARNEGAT TWP,185,"20,040,361","20,152,545","112,184",0.60%
OCEAN,BAY HEAD BORO,210,"67,332","68,567","1,235",1.80%
OCEAN,BEACH HAVEN BORO,230,"200,724","201,361",637,0.30%
OCEAN,BERKELEY TWP,320,"2,329,872","2,374,556","44,684",1.90%
OCEAN,BRICK TWP,530,"35,938,828","36,025,328","86,500",0.20%
OCEAN,CENTRAL REGIONAL,770,"3,965,211","4,057,141","91,930",2.30%
OCEAN,EAGLESWOOD TWP,1150,"664,182","665,512","1,330",0.20%
OCEAN,ISLAND HEIGHTS BORO,2350,"298,423","299,583","1,160",0.40%
OCEAN,JACKSON TWP,2360,"49,551,136","49,635,886","84,750",0.20%
OCEAN,LACEY TWP,2480,"21,235,740","21,276,520","40,780",0.20%
OCEAN,LAKEHURST BORO,2500,"6,046,168","6,050,768","4,600",0.10%
OCEAN,LAKEWOOD TWP,2520,"24,452,136","24,690,607","238,471",1.00%
OCEAN,LAVALLETTE BORO,2550,"174,442","176,054","1,612",0.90%
OCEAN,LITTLE EGG HARBOR TWP,2690,"9,677,667","9,690,347","12,680",0.10%
OCEAN,LONG BEACH ISLAND,2760,"723,158","726,191","3,033",0.40%
OCEAN,MANCHESTER TWP,2940,"5,511,130","5,561,621","50,491",0.90%
OCEAN,OCEAN COUNTY VOCATIONAL,3790,"5,571,665","5,585,095","13,430",0.20%
OCEAN,OCEAN GATE BORO,3800,"929,226","930,446","1,220",0.10%
OCEAN,OCEAN TWP,3820,"6,934,480","6,955,381","20,901",0.30%
OCEAN,PINELANDS REGIONAL,4105,"11,367,875","11,383,265","15,390",0.10%
OCEAN,PLUMSTED TWP,4190,"11,531,250","11,558,618","27,368",0.20%
OCEAN,POINT PLEASANT BORO,4210,"6,039,203","6,066,113","26,910",0.40%
OCEAN,POINT PLEASANT BEACH,4220,"481,465","496,399","14,934",3.10%
OCEAN,SEASIDE HEIGHTS BORO,4710,"1,025,637","1,029,090","3,453",0.30%
OCEAN,SEASIDE PARK BORO,4720,"156,210","157,219","1,009",0.60%
OCEAN,SOUTHERN REGIONAL,4950,"1,960,025","1,993,262","33,237",1.70%
OCEAN,STAFFORD TWP,5020,"9,443,200","9,463,450","20,250",0.20%
OCEAN,TOMS RIVER REGIONAL,5190,"68,023,721","68,342,239","318,518",0.50%
OCEAN,TUCKERTON BORO,5220,"2,257,265","2,278,716","21,451",1.00%
PASSAIC,BLOOMINGDALE BORO,420,"1,965,255","1,983,460","18,205",0.90%
PASSAIC,CLIFTON CITY,900,"26,259,039","26,578,363","319,324",1.20%
PASSAIC,HALEDON BORO,1920,"6,806,166","6,869,486","63,320",0.90%
PASSAIC,HAWTHORNE BORO,2100,"2,045,132","2,077,172","32,040",1.60%
PASSAIC,LAKELAND REGIONAL,2510,"4,828,036","4,837,506","9,470",0.20%
PASSAIC,LITTLE FALLS TWP,2700,"529,221","540,494","11,273",2.10%
PASSAIC,NORTH HALEDON BORO,3640,"404,942","416,389","11,447",2.80%
PASSAIC,PASSAIC CITY,3970,"228,314,704","229,227,941","913,237",0.40%
PASSAIC,PASSAIC CO MANCHESTER REG,3980,"6,486,069","6,588,302","102,233",1.60%
PASSAIC,PASSAIC VALLEY REGIONAL,3990,"995,578","1,013,467","17,889",1.80%
PASSAIC,PASSAIC COUNTY VOCATIONAL,3995,"19,844,609","20,019,632","175,023",0.90%
PASSAIC,PATERSON CITY,4010,"399,834,019","401,435,340","1,601,321",0.40%
PASSAIC,POMPTON LAKES BORO,4230,"3,892,703","3,922,465","29,762",0.80%
PASSAIC,PROSPECT PARK BORO,4270,"7,889,464","7,960,774","71,310",0.90%
PASSAIC,RINGWOOD BORO,4400,"2,907,857","2,919,667","11,810",0.40%
PASSAIC,TOTOWA BORO,5200,"449,427","463,900","14,473",3.20%
PASSAIC,WANAQUE BORO,5440,"2,482,504","2,491,734","9,230",0.40%
PASSAIC,WAYNE TWP,5570,"3,946,414","4,042,746","96,332",2.40%
PASSAIC,WEST MILFORD TWP,5650,"14,597,029","14,631,509","34,480",0.20%
PASSAIC,WOODLAND PARK,5690,"834,113","854,297","20,184",2.40%
SALEM,ALLOWAY TWP,60,"3,719,711","3,724,521","4,810",0.10%
SALEM,ELMER BORO,1340,"1,868,344","1,887,259","18,915",1.00%
SALEM,ELSINBORO TWP,1350,"1,004,511","1,021,424","16,913",1.70%
SALEM,LOWER ALLOWAYS CREEK,2800,"886,483","888,093","1,610",0.20%
SALEM,MANNINGTON TWP,2950,"559,489","561,159","1,670",0.30%
SALEM,OLDMANS TWP,3860,"2,013,000","2,045,939","32,939",1.60%
SALEM,PENNS GRV-CARNEY'S PT REG,4070,"21,328,565","21,499,856","171,291",0.80%
SALEM,PENNSVILLE,4075,"8,855,146","8,946,371","91,225",1.00%
SALEM,PITTSGROVE TWP,4150,"13,534,382","13,548,727","14,345",0.10%
SALEM,QUINTON TWP,4280,"3,400,194","3,462,092","61,898",1.80%
SALEM,SALEM CITY,4630,"16,384,640","16,402,608","17,968",0.10%
SALEM,SALEM COUNTY VOCATIONAL,4640,"4,610,244","4,650,594","40,350",0.90%
SALEM,UPPER PITTSGROVE TWP,5320,"3,502,043","3,506,443","4,400",0.10%
SALEM,WOODSTOWN-PILESGROVE REG,5910,"6,973,801","7,012,998","39,197",0.60%
SOMERSET,BEDMINSTER TWP,240,"667,403","678,160","10,757",1.60%
SOMERSET,BERNARDS TWP,350,"3,172,646","3,255,276","82,630",2.60%
SOMERSET,BOUND BROOK BORO,490,"8,098,163","8,202,558","104,395",1.30%
SOMERSET,BRANCHBURG TWP,510,"1,959,600","1,989,839","30,239",1.50%
SOMERSET,BRIDGEWATER-RARITAN REG,555,"9,254,338","9,375,561","121,223",1.30%
SOMERSET,FRANKLIN TWP,1610,"13,153,588","13,283,157","129,569",1.00%
SOMERSET,GREEN BROOK TWP,1810,"938,133","955,660","17,527",1.90%
SOMERSET,HILLSBOROUGH TWP,2170,"25,076,042","25,185,765","109,723",0.40%
SOMERSET,MANVILLE BORO,3000,"5,257,866","5,312,769","54,903",1.00%
SOMERSET,MONTGOMERY TWP,3320,"4,022,106","4,085,768","63,662",1.60%
SOMERSET,NORTH PLAINFIELD BORO,3670,"24,652,565","24,863,280","210,715",0.90%
SOMERSET,SOMERSET CO VOCATIONAL,4810,"1,423,942","1,428,562","4,620",0.30%
SOMERSET,SOMERSET HILLS REGIONAL,4815,"877,110","898,906","21,796",2.50%
SOMERSET,SOMERVILLE BORO,4820,"5,383,037","5,438,486","55,449",1.00%
SOMERSET,SOUTH BOUND BROOK,4850,"3,340,524","3,369,797","29,273",0.90%
SOMERSET,WARREN TWP,5470,"1,224,961","1,247,692","22,731",1.90%
SOMERSET,WATCHUNG BORO,5540,"424,477","433,186","8,709",2.10%
SOMERSET,WATCHUNG HILLS REGIONAL,5550,"970,219","992,398","22,179",2.30%
SUSSEX,ANDOVER REG,90,"2,335,255","2,359,735","24,480",1.00%
SUSSEX,BYRAM TWP,640,"3,794,194","3,802,724","8,530",0.20%
SUSSEX,FRANKFORD TWP,1560,"1,958,177","1,967,316","9,139",0.50%
SUSSEX,FRANKLIN BORO,1570,"3,262,204","3,278,306","16,102",0.50%
SUSSEX,FREDON TWP,1630,"532,107","534,307","2,200",0.40%
SUSSEX,GREEN TWP,1800,"2,464,565","2,503,177","38,612",1.60%
SUSSEX,HAMBURG BORO,1930,"1,623,906","1,629,377","5,471",0.30%
SUSSEX,HAMPTON TWP,1980,"1,276,100","1,278,980","2,880",0.20%
SUSSEX,HARDYSTON TWP,2030,"2,184,255","2,197,214","12,959",0.60%
SUSSEX,HIGH POINT REGIONAL,2165,"6,400,454","6,409,644","9,190",0.10%
SUSSEX,HOPATCONG,2240,"11,383,175","11,398,915","15,740",0.10%
SUSSEX,KITTATINNY REGIONAL,2465,"6,042,454","6,076,172","33,718",0.60%
SUSSEX,LAFAYETTE TWP,2490,"844,455","846,815","2,360",0.30%
SUSSEX,LENAPE VALLEY REGIONAL,2615,"4,737,899","4,761,101","23,202",0.50%
SUSSEX,MONTAGUE TWP,3300,"2,699,116","2,702,576","3,460",0.10%
SUSSEX,NEWTON TOWN,3590,"5,880,552","5,934,041","53,489",0.90%
SUSSEX,OGDENSBURG BORO,3840,"2,289,350","2,305,716","16,366",0.70%
SUSSEX,SANDYSTON-WALPACK TWP,4650,"568,898","573,099","4,201",0.70%
SUSSEX,SPARTA TWP,4960,"5,943,150","5,977,474","34,324",0.60%
SUSSEX,STANHOPE BORO,5030,"1,511,963","1,516,200","4,237",0.30%
SUSSEX,STILLWATER TWP,5040,"1,803,809","1,807,267","3,458",0.20%
SUSSEX,SUSSEX-WANTAGE REGIONAL,5100,"7,809,249","7,828,404","19,155",0.20%
SUSSEX,SUSSEX COUNTY VOCATIONAL,5110,"4,178,842","4,197,167","18,325",0.40%
SUSSEX,VERNON TWP,5360,"25,062,223","25,092,893","30,670",0.10%
SUSSEX,WALLKILL VALLEY REGIONAL,5435,"4,707,210","4,724,644","17,434",0.40%
UNION,BERKELEY HEIGHTS TWP,310,"1,169,261","1,197,251","27,990",2.40%
UNION,CLARK TWP,850,"1,049,411","1,080,129","30,718",2.90%
UNION,CRANFORD TWP,980,"2,309,995","2,365,757","55,762",2.40%
UNION,ELIZABETH CITY,1320,"363,945,958","366,581,177","2,635,219",0.70%
UNION,GARWOOD BORO,1710,"448,267","455,236","6,969",1.60%
UNION,HILLSIDE TWP,2190,"21,179,669","21,360,653","180,984",0.90%
UNION,KENILWORTH BORO,2420,"4,355,686","4,388,736","33,050",0.80%
UNION,LINDEN CITY,2660,"21,206,794","21,342,950","136,156",0.60%
UNION,MOUNTAINSIDE BORO,3470,"492,364","505,408","13,044",2.60%
UNION,NEW PROVIDENCE BORO,3560,"917,377","949,023","31,646",3.40%
UNION,PLAINFIELD CITY,4160,"121,397,680","124,006,649","2,608,969",2.10%
UNION,RAHWAY CITY,4290,"20,521,655","20,707,800","186,145",0.90%
UNION,ROSELLE BORO,4540,"23,616,110","23,810,181","194,071",0.80%
UNION,ROSELLE PARK BORO,4550,"10,460,264","10,554,830","94,566",0.90%
UNION,SCOTCH PLAINS-FANWOOD REG,4670,"2,947,508","3,014,466","66,958",2.30%
UNION,SPRINGFIELD TWP,5000,"1,328,556","1,355,801","27,245",2.10%
UNION,SUMMIT CITY,5090,"1,607,073","1,655,470","48,397",3.00%
UNION,UNION COUNTY VOCATIONAL,5260,"5,667,336","5,725,257","57,921",1.00%
UNION,UNION TWP,5290,"30,780,527","31,072,907","292,380",0.90%
UNION,WESTFIELD TOWN,5730,"2,956,317","3,032,999","76,682",2.60%
UNION,WINFIELD TWP,5810,"1,660,574","1,672,892","12,318",0.70%
WARREN,ALLAMUCHY TWP,30,"560,195","568,557","8,362",1.50%
WARREN,ALPHA BORO,70,"1,909,118","1,911,978","2,860",0.10%
WARREN,BELVIDERE TOWN,280,"2,834,517","2,838,387","3,870",0.10%
WARREN,BLAIRSTOWN TWP,400,"1,973,757","1,978,747","4,990",0.30%
WARREN,FRANKLIN TWP,1620,"748,291","750,331","2,040",0.30%
WARREN,FRELINGHUYSEN TWP,1670,"616,900","618,360","1,460",0.20%
WARREN,GREAT MEADOWS REGIONAL,1785,"5,907,304","5,918,074","10,770",0.20%
WARREN,GREENWICH TWP,1840,"6,010,678","6,020,883","10,205",0.20%
WARREN,HACKETTSTOWN,1870,"5,101,229","5,152,332","51,103",1.00%
WARREN,HARMONY TWP,2040,"358,530","366,285","7,755",2.20%
WARREN,HOPE TWP,2250,"969,781","972,061","2,280",0.20%
WARREN,KNOWLTON TWP,2470,"1,384,951","1,386,821","1,870",0.10%
WARREN,LOPATCONG TWP,2790,"3,515,639","3,552,251","36,612",1.00%
WARREN,MANSFIELD TWP,2970,"3,565,224","3,597,848","32,624",0.90%
WARREN,NORTH WARREN REGIONAL,3675,"4,995,326","5,014,341","19,015",0.40%
WARREN,OXFORD TWP,3890,"2,559,906","2,608,777","48,871",1.90%
WARREN,PHILLIPSBURG TOWN,4100,"37,441,412","37,483,171","41,759",0.10%
WARREN,POHATCONG TWP,4200,"1,776,958","1,784,292","7,334",0.40%
WARREN,WARREN COUNTY VOCATIONAL,5460,"3,122,249","3,149,187","26,938",0.90%
WARREN,WARREN HILLS REGIONAL,5465,"10,534,423","10,590,833","56,410",0.50%
WARREN,WASHINGTON BORO,5480,"2,758,726","2,785,753","27,027",1.00%
WARREN,WASHINGTON TWP,5530,"2,633,725","2,638,245","4,520",0.20%
WARREN,WHITE TWP,5780,"1,743,789","1,748,109","4,320",0.20%
,,,,,,